stage_01	16:9	High-angle isometric view of one large empty floating sky island for a strategy building game, roughly round plateau, lush green low poly meadows with a subtle square grid pattern, a few patches of brighter green fields, one purple-grey rocky crater area with scattered rocks, chunky faceted cliff rocks and roots hanging under the island in the sky, a few tiny floating rock islets around, fluffy white low poly trees, completely empty terrain, NO buildings, NO structures
stage_02	16:9	High-angle isometric view of one large empty floating sky island for a strategy building game, two connected plateaus at slightly different heights joined by a natural rock bridge, lush green low poly meadows with a subtle square grid pattern, bright green field patches on the lower plateau, a purple-grey rocky mining area on the upper plateau, chunky faceted cliff rocks hanging under the island, small floating rock islets around, fluffy white low poly trees, completely empty terrain, NO buildings, NO structures
stage_03	16:9	High-angle isometric view of one large empty floating sky island for a strategy building game, crescent shaped island curving around an open sky bay, lush green low poly meadows with a subtle square grid pattern, bright green field patches at one tip, a purple-grey rocky area at the other tip, chunky faceted cliff rocks hanging under the island, tiny floating rock islets in the bay, fluffy white low poly trees, completely empty terrain, NO buildings, NO structures
giantWindmill	1:1	Isometric view of one grand landmark giant windmill, tall white stone lighthouse-like tower with a wooden cap and four large white sail blades and a golden weather vane on top, small white decorative low poly trees around the foot. The structure stands on a flat square base plate divided into exactly 4 by 4 grid cells with subtle grid lines, plate corners may be rounded, no part of the building extends beyond the base plate
anchor	1:1	Isometric view of one sky-ship mooring anchor point, a big dark iron anchor leaning on a round wooden platform with rope coils and a short wooden bollard. It stands on a flat square base plate divided into exactly 2 by 2 grid cells with subtle grid lines, plate corners may be rounded, nothing extends beyond the base plate
ore	1:1	Isometric view of one crystal ore deposit, a cluster of glowing light blue faceted crystals growing out of purple-grey low poly rocks with a few small rubble stones. It sits on a flat square base plate divided into exactly 2 by 2 grid cells with subtle grid lines, plate corners may be rounded, nothing extends beyond the base plate
windVane	1:1	Isometric view of one small weather vane station, a thin wooden pole with a golden arrow weather vane and small spinning wind cups, tiny stone base with a few pebbles. It stands on a flat square base plate of exactly 1 by 1 grid cell, plate corners may be rounded, nothing extends beyond the base plate
farm	1:1	Isometric view of one small farmland plot with neat rows of green low poly crops, a thin wooden fence on one edge and a tiny water bucket. It sits on a flat square base plate of exactly 1 by 1 grid cell, plate corners may be rounded, nothing extends beyond the base plate
potentialTower	1:1	Isometric view of one wooden scaffold energy tower holding a big glowing blue crystal battery core suspended inside its timber frame, wooden beams and small pulleys. It stands on a flat square base plate divided into exactly 2 by 2 grid cells with subtle grid lines, plate corners may be rounded, nothing extends beyond the base plate
sail	1:1	Isometric view of one tall slim wind sail tower, a single narrow wooden mast with a very small footprint at the bottom and a much wider large white canvas sail spreading at the top, bottom small top large, notably tall and elegant. It stands on a flat square base plate of exactly 1 by 1 grid cell, plate corners may be rounded, the mast base does not exceed the plate
miningStation	1:1	Isometric view of one compact mining station, a wooden headframe rig over a mine hole, a small ore cart on short rails and a pile of blue ore chunks. It stands on a flat rectangular base plate divided into exactly 1 by 2 grid cells with a subtle grid line, plate corners may be rounded, nothing extends beyond the base plate
workshop	1:1	Isometric view of one big wooden workshop factory, blue gabled roof, timber scaffolding with a small crane arm, work benches with planks and tools in the open yard part. It stands on a flat square base plate divided into exactly 3 by 3 grid cells with subtle grid lines, plate corners may be rounded, nothing extends beyond the base plate
dock	1:1	Isometric view of one large wooden shipyard dock, wide plank platform with a big wooden crane, cargo crates and one low poly sailing ship with white sails moored alongside, the whole scene composed as one compact building asset. It sits on a flat square base plate divided into exactly 6 by 6 grid cells with subtle grid lines, plate corners may be rounded, nothing extends beyond the base plate
granary	1:1	Isometric view of one round grain silo warehouse, white stone cylindrical body with a warm orange conical roof, small wooden side door and a few grain sacks. It stands on a flat square base plate divided into exactly 2 by 2 grid cells with subtle grid lines, plate corners may be rounded, nothing extends beyond the base plate
restaurant	1:1	Isometric view of one cozy small restaurant, red and white striped awning, two tiny outdoor wooden tables with parasols and a small chimney. It stands on a flat square base plate divided into exactly 2 by 2 grid cells with subtle grid lines, plate corners may be rounded, nothing extends beyond the base plate
shop	1:1	Isometric view of one small market shop, blue and white striped awning over a display counter with colorful goods and a hanging wooden sign board. It stands on a flat square base plate divided into exactly 2 by 2 grid cells with subtle grid lines, plate corners may be rounded, nothing extends beyond the base plate
citizenCenter	1:1	Isometric view of one grand town hall civic center, symmetric building with a central clock tower, two side wings with blue roofs, wide entrance stairs and a tiny plaza. It stands on a flat square base plate divided into exactly 4 by 4 grid cells with subtle grid lines, plate corners may be rounded, nothing extends beyond the base plate
residence_01	1:1	Isometric view of one small residential block, two cute cottages with orange and blue roofs and a tiny shared yard with a tree. It stands on a flat square base plate divided into exactly 2 by 2 grid cells with subtle grid lines, plate corners may be rounded, nothing extends beyond the base plate
residence_02	1:1	Isometric view of one small residential block on an L-shaped base plate, the plate is made of exactly four grid cells arranged as a row of three cells plus one cell attached under the leftmost cell forming a clear L shape, cute cottages with orange and blue roofs following the L shape, subtle grid lines on the plate, plate corners may be rounded, nothing extends beyond the L-shaped base plate
residence_03	1:1	Isometric view of one small residential block on a U-shaped concave base plate, the plate is made of exactly five grid cells arranged as a back row of three cells with two cells extending forward from both ends leaving the middle front cell empty as a small courtyard gap, cute cottages with orange and blue roofs following the U shape around the courtyard, subtle grid lines on the plate, plate corners may be rounded, nothing extends beyond the U-shaped base plate
logisticsPoint	1:1	Isometric view of one small logistics depot, stacked wooden crates and barrels, a small loading crane arm and a wind flag on a pole. It stands on a flat square base plate divided into exactly 2 by 2 grid cells with subtle grid lines, plate corners may be rounded, nothing extends beyond the base plate
logisticsHub	1:1	Isometric view of one large logistics warehouse hub, wide building with big loading dock doors, stacked cargo crates on a small yard and a tall mooring mast with a wind sock. It stands on a flat square base plate divided into exactly 4 by 4 grid cells with subtle grid lines, plate corners may be rounded, nothing extends beyond the base plate
